insert into authors (name) values ('Benjamin J Evans');
insert into authors (name) values ('David Flanagan');
insert into genres (id, name) values (1, 'education');
insert into books (id, title, genre_id) values (1, 'Java in а Nutshell', 1);
insert into books_authors (book_id, author_id) values (1, 1);
insert into books_authors (book_id, author_id) values (1, 2);
insert into authors (id, name) values (3, 'Lee Kuan Yew');
insert into genres (id, name) values (2, 'politics');
insert into books (id, title, genre_id) values (2, 'From Third World to First: The Singapore Story', 2);
insert into books_authors (book_id, author_id) values (2, 3);
insert into authors (id, name) values (4, 'Scott Chacon');
insert into authors (id, name) values (5, 'Ben Straub');
insert into books (id, title, genre_id) values (3, 'Pro Git', 1);
insert into books_authors (book_id, author_id) values (3, 4);
insert into books_authors (book_id, author_id) values (3, 5);
insert into authors (id, name) values (6, 'Erich Gamma');
insert into authors (id, name) values (7, 'Richard Helm');
insert into authors (id, name) values (8, 'Ralph Johnson');
insert into authors (id, name) values (9, 'John Vlissides');
insert into books (id, title, genre_id) values (4, 'Design Patterns. Elements of Reusable Object-Oriented Software', 1);
insert into books_authors (book_id, author_id) values (4, 6);
insert into books_authors (book_id, author_id) values (4, 7);
insert into books_authors (book_id, author_id) values (4, 8);
insert into books_authors (book_id, author_id) values (4, 9);
insert into authors (id, name) values (10, 'Prateek Joshi');
insert into books (id, title, genre_id) values (5, 'Artiflcial lntelligence with Python', 1);
insert into books_authors (book_id, author_id) values (5, 10);
insert into authors (id, name) values (11, 'Giuseppe Bonaccorso');
insert into books (id, title, genre_id) values (6, 'Machine Learning Algorithms', 1);
insert into books_authors (book_id, author_id) values (6, 11);
insert into authors (id, name) values (12, 'Chris Richardson');
insert into books (id, title, genre_id) values (7, 'Microservices Patterns', 1);
insert into books_authors (book_id, author_id) values (7, 12);
insert into authors (id, name) values (13, 'James S. A. Corey');
insert into genres (id, name) values (3, 'Sci-Fi');
insert into books (id, title, genre_id) values (8, 'Leviathan Wakes', 3);
insert into books_authors (book_id, author_id) values (8, 13);
insert into comments (id, comment, book_id) values (1, 'Useful book', 1);
insert into comments (id, comment, book_id) values (2, 'Boring book', 1);
insert into comments (id, comment, book_id) values (3, 'Worth to read', 1);
insert into comments (id, comment, book_id) values (4, 'Dont waste your time for it', 1);
